{
    "metadata":{
        "type":"Geometry",
        "generator":"io_three",
        "version":3,
        "vertices":17,
        "normals":30,
        "materials":1,
        "uvs":0,
        "faces":30
    },
    "vertices":[-0.235241,-0.700735,-0.724007,0.00361788,0.523793,0.892291,-0.584116,0.361004,-0.796989,0.521546,0.523791,-0.724008,0.849739,0.523791,0.27229,-0.178166,1.06073,-0.129444,0.178166,-1.06073,0.129444,-0.00361794,-0.523793,0.892291,0.847501,-0.52379,0.279175,-0.850254,-0.671351,2.00497e-09,0.527408,-0.523791,-0.719748,1.04389,0.0535894,-1.51003e-08,0.322581,0.0535897,0.992798,-0.889814,0.356723,0.520931,-1.04389,-0.0535895,-5.15004e-09,0.322581,0.0535896,-0.992798,0.338902,0.957651,0.246226],
    "faces":[34,6,9,0,0,0,0,0,34,0,9,2,0,1,1,1,34,8,11,12,0,2,2,2,34,7,12,13,0,3,3,3,34,0,2,15,0,4,4,4,34,10,15,11,0,5,5,5,34,1,4,16,0,6,6,6,34,13,1,5,0,7,7,7,34,2,13,5,0,8,8,8,34,3,2,5,0,9,9,9,34,4,3,16,0,10,10,10,34,16,3,5,0,11,11,11,34,5,1,16,0,12,12,12,34,11,3,4,0,13,13,13,34,11,15,3,0,14,14,14,34,15,2,3,0,15,15,15,34,14,13,2,0,16,16,16,34,13,12,1,0,17,17,17,34,12,4,1,0,18,18,18,34,12,11,4,0,19,19,19,34,10,0,15,0,20,20,20,34,2,9,14,0,21,21,21,34,14,9,13,0,22,22,22,34,9,7,13,0,23,23,23,34,7,8,12,0,24,24,24,34,8,10,11,0,25,25,25,34,6,0,10,0,26,26,26,34,6,7,9,0,27,27,27,34,8,6,10,0,28,28,28,34,6,8,7,0,29,29,29],
    "uvs":[],
    "normals":[-0.318502,-0.918773,-0.233265,-0.736383,-0.284171,-0.613993,0.808984,0.00902973,0.587761,-0.354287,0.0375062,0.934384,-0.257056,-0.150088,-0.954671,0.808984,0.00903123,-0.587761,0.474124,0.597115,0.647039,-0.351001,0.801728,0.483767,-0.769012,0.614418,-0.176381,-0.0574325,0.706377,-0.705502,0.639055,0.739793,-0.210512,0.398009,0.863055,-0.311008,-0.17964,0.857289,0.482477,0.823966,0.497403,-0.271424,0.809001,-0.00632849,-0.587773,-0.0167491,0.501545,-0.864969,-0.817037,0.545163,-0.187745,-0.374265,-0.0560274,0.925628,0.512757,0.497405,0.699763,0.809001,-0.00633007,0.587773,0.0972269,-0.397093,-0.912614,-0.7795,-0.244332,-0.576786,-0.847359,-0.265602,0.459824,-0.644406,-0.365217,0.671831,0.528688,-0.426444,0.733917,0.861372,-0.426444,-0.276016,0.20285,-0.86318,-0.462355,-0.363093,-0.800463,0.476888,0.639943,-0.740556,-0.205061,0.422728,-0.690607,0.586824],
    "materials":[{
        "colorEmissive":[0,0,0],
        "shading":"phong",
        "opacity":1,
        "transparent":false,
        "visible":true,
        "wireframe":false,
        "blending":1,
        "depthTest":true,
        "depthWrite":true,
        "doubleSided":false,
        "DbgName":"Material.001",
        "DbgColor":15658734,
        "DbgIndex":0,
        "colorDiffuse":[0.0282623,0.352849,0.640004],
        "specularCoef":50,
        "colorSpecular":[0.5,0.5,0.5]
    }]
}