{
    "metadata":{
        "type":"Geometry",
        "generator":"io_three",
        "version":3,
        "vertices":160,
        "normals":13,
        "materials":2,
        "uvs":0,
        "faces":141
    },
    "vertices":[-1,4.37114e-08,1,-0.777778,4.37114e-08,1,-0.555556,4.37114e-08,1,-0.333333,4.37114e-08,1,-0.111111,4.37114e-08,1,0.111111,4.37114e-08,1,0.333333,4.37114e-08,1,0.555556,4.37114e-08,1,0.777778,4.37114e-08,1,1,4.37114e-08,1,-1,3.39977e-08,0.777778,-0.555556,3.39977e-08,0.777778,-0.333333,3.39977e-08,0.777778,-0.111111,3.39977e-08,0.777778,0.111111,3.39977e-08,0.777778,0.333333,3.39977e-08,0.777778,0.555556,3.39977e-08,0.777778,1,3.39977e-08,0.777778,-1,2.42841e-08,0.555556,-0.777778,2.42841e-08,0.555556,-0.555556,2.42841e-08,0.555556,-0.333333,2.42841e-08,0.555556,-0.111111,2.42841e-08,0.555556,0.111111,2.42841e-08,0.555556,0.333333,2.42841e-08,0.555556,0.555556,2.42841e-08,0.555556,0.777778,2.42841e-08,0.555556,1,2.42841e-08,0.555556,-1,1.45705e-08,0.333333,-0.555556,1.45705e-08,0.333333,-0.333333,1.45705e-08,0.333333,-0.111111,1.45705e-08,0.333333,0.111111,1.45705e-08,0.333333,0.333333,1.45705e-08,0.333333,0.555556,1.45705e-08,0.333333,1,1.45705e-08,0.333333,-1,4.85682e-09,0.111111,-0.555556,4.85682e-09,0.111111,-0.333333,4.85682e-09,0.111111,-0.111111,4.85682e-09,0.111111,0.111111,4.85682e-09,0.111111,0.333333,4.85682e-09,0.111111,0.555556,4.85682e-09,0.111111,1,4.85682e-09,0.111111,-1,-4.85682e-09,-0.111111,-0.555556,-4.85682e-09,-0.111111,-0.333333,-4.85682e-09,-0.111111,-0.111111,-4.85682e-09,-0.111111,0.111111,-4.85682e-09,-0.111111,0.333333,-4.85682e-09,-0.111111,0.555556,-4.85682e-09,-0.111111,1,-4.85682e-09,-0.111111,-1,-1.45705e-08,-0.333333,-0.555556,-1.45705e-08,-0.333333,-0.333333,-1.45705e-08,-0.333333,-0.111111,-1.45705e-08,-0.333333,0.111111,-1.45705e-08,-0.333333,0.333333,-1.45705e-08,-0.333333,0.555556,-1.45705e-08,-0.333333,1,-1.45705e-08,-0.333333,-1,-2.42841e-08,-0.555556,-0.777778,-2.42841e-08,-0.555556,-0.555556,-2.42841e-08,-0.555556,-0.333333,-2.42841e-08,-0.555556,-0.111111,-2.42841e-08,-0.555556,0.111111,-2.42841e-08,-0.555556,0.333333,-2.42841e-08,-0.555556,0.555556,-2.42841e-08,-0.555556,0.777778,-2.42841e-08,-0.555556,1,-2.42841e-08,-0.555556,-1,-3.39977e-08,-0.777778,-0.555556,-3.39977e-08,-0.777778,-0.333333,-3.39977e-08,-0.777778,-0.111111,-3.39977e-08,-0.777778,0.111111,-3.39977e-08,-0.777778,0.333333,-3.39977e-08,-0.777778,0.555556,-3.39977e-08,-0.777778,1,-3.39977e-08,-0.777778,-1,-4.37114e-08,-1,-0.777778,-4.37114e-08,-1,-0.555556,-4.37114e-08,-1,-0.333333,-4.37114e-08,-1,-0.111111,-4.37114e-08,-1,0.111111,-4.37114e-08,-1,0.333333,-4.37114e-08,-1,0.555556,-4.37114e-08,-1,0.777778,-4.37114e-08,-1,1,-4.37114e-08,-1,-1,0.2,0.777778,-1,0.2,1,-0.777778,0.2,1,-0.777778,0.2,0.777778,-0.555556,0.2,1,-0.555556,0.2,0.777778,0.555556,0.2,1,0.555556,0.2,0.777778,0.777778,0.2,1,0.777778,0.2,0.777778,1,0.2,1,1,0.2,0.777778,-1,0.2,0.555556,-0.777778,0.2,0.555556,-0.555556,0.2,0.555556,0.555556,0.2,0.555556,0.777778,0.2,0.555556,1,0.2,0.555556,-0.777778,0.2,-0.555556,-1,0.2,-0.555556,-0.555556,0.2,-0.555556,0.777778,0.2,-0.555556,0.555556,0.2,-0.555556,1,0.2,-0.555556,-1,0.2,-0.777778,-0.777778,0.2,-0.777778,-0.555556,0.2,-0.777778,0.555556,0.2,-0.777778,0.777778,0.2,-0.777778,1,0.2,-0.777778,-1,0.2,-1,-0.777778,0.2,-1,-0.555556,0.2,-1,0.555556,0.2,-1,0.777778,0.2,-1,1,0.2,-1,-0.777778,0.2,0.555556,-1,0.2,0.555556,-0.555556,0.2,0.555556,0.777778,0.2,0.555556,0.555556,0.2,0.555556,1,0.2,0.555556,-1,0.2,0.333333,-0.777778,0.2,0.333333,-0.555556,0.2,0.333333,0.555556,0.2,0.333333,0.777778,0.2,0.333333,1,0.2,0.333333,-1,0.2,0.111111,-0.777778,0.2,0.111111,-0.555556,0.2,0.111111,0.555556,0.2,0.111111,0.777778,0.2,0.111111,1,0.2,0.111111,-1,0.2,-0.111111,-0.777778,0.2,-0.111111,-0.555556,0.2,-0.111111,0.555556,0.2,-0.111111,0.777778,0.2,-0.111111,1,0.2,-0.111111,-1,0.2,-0.333333,-0.777778,0.2,-0.333333,-0.555556,0.2,-0.333333,0.555556,0.2,-0.333333,0.777778,0.2,-0.333333,1,0.2,-0.333333,-1,0.2,-0.555556,-0.777778,0.2,-0.555556,-0.555556,0.2,-0.555556,0.555556,0.2,-0.555556,0.777778,0.2,-0.555556,1,0.2,-0.555556],
    "faces":[35,18,10,88,100,1,0,0,0,0,35,0,1,90,89,1,1,1,1,1,35,2,3,12,11,0,2,2,2,2,35,3,4,13,12,0,3,3,3,3,35,4,5,14,13,0,2,2,2,2,35,5,6,15,14,0,3,3,3,3,35,6,7,16,15,0,3,3,3,3,35,25,16,95,103,1,0,0,0,0,35,78,70,112,118,1,0,0,0,0,35,10,0,89,88,1,0,0,0,0,35,85,76,115,121,1,0,0,0,0,35,11,12,21,20,0,2,2,2,2,35,12,13,22,21,0,3,3,3,3,35,13,14,23,22,0,2,2,2,2,35,14,15,24,23,0,3,3,3,3,35,15,16,25,24,0,3,3,3,3,35,9,17,99,98,1,4,4,4,4,35,8,9,98,96,1,1,1,1,1,35,42,34,133,139,1,0,0,0,0,35,27,35,135,129,1,4,4,4,4,35,20,21,30,29,0,5,5,5,5,35,21,22,31,30,0,6,6,6,6,35,22,23,32,31,0,5,5,5,5,35,23,24,33,32,0,6,6,6,6,35,24,25,34,33,0,6,6,6,6,35,52,44,142,148,1,0,0,0,0,35,20,29,132,126,1,4,4,4,4,35,58,50,145,151,1,0,0,0,0,35,43,51,147,141,1,4,4,4,4,35,29,30,38,37,0,2,2,2,2,35,30,31,39,38,0,3,3,3,3,35,31,32,40,39,0,2,2,2,2,35,32,33,41,40,0,3,3,3,3,35,33,34,42,41,0,3,3,3,3,35,37,45,144,138,1,4,4,4,4,35,69,68,158,159,1,7,7,7,7,35,28,18,125,130,1,0,0,0,0,35,34,25,128,133,1,0,0,0,0,35,37,38,46,45,0,8,8,8,8,35,38,39,47,46,0,2,2,2,2,35,39,40,48,47,0,8,8,8,8,35,40,41,49,48,0,2,2,2,2,35,41,42,50,49,0,2,2,2,2,35,62,61,155,156,1,7,7,7,7,35,59,69,159,153,1,4,4,4,4,35,26,27,129,127,1,1,1,1,1,35,53,62,156,150,1,4,4,4,4,35,45,46,54,53,0,2,2,2,2,35,46,47,55,54,0,3,3,3,3,35,47,48,56,55,0,2,2,2,2,35,48,49,57,56,0,3,3,3,3,35,49,50,58,57,0,3,3,3,3,35,19,20,126,124,1,1,1,1,1,35,68,67,157,158,1,7,7,7,7,35,44,36,136,142,1,0,0,0,0,35,61,60,154,155,1,7,7,7,7,35,53,54,63,62,0,6,6,6,6,35,54,55,64,63,0,8,8,8,8,35,55,56,65,64,0,6,6,6,6,35,56,57,66,65,0,8,8,8,8,35,57,58,67,66,0,8,8,8,8,35,50,42,139,145,1,0,0,0,0,35,25,26,127,128,1,1,1,1,1,35,69,77,117,111,1,4,4,4,4,35,62,71,114,108,1,4,4,4,4,35,62,63,72,71,0,2,2,2,2,35,63,64,73,72,0,3,3,3,3,35,64,65,74,73,0,2,2,2,2,35,65,66,75,74,0,3,3,3,3,35,66,67,76,75,0,3,3,3,3,35,7,8,96,94,1,1,1,1,1,35,70,60,107,112,1,0,0,0,0,35,76,67,110,115,1,0,0,0,0,35,68,69,111,109,1,1,1,1,1,35,71,72,81,80,0,2,2,2,2,35,72,73,82,81,0,3,3,3,3,35,73,74,83,82,0,2,2,2,2,35,74,75,84,83,0,3,3,3,3,35,75,76,85,84,0,3,3,3,3,35,16,7,94,95,1,0,0,0,0,35,61,62,108,106,1,1,1,1,1,35,89,90,91,88,1,9,9,9,9,35,90,92,93,91,1,9,9,9,9,35,94,96,97,95,1,9,9,9,9,35,96,98,99,97,1,9,9,9,9,35,88,91,101,100,1,10,10,10,10,35,91,93,102,101,1,10,10,10,10,35,95,97,104,103,1,10,10,10,10,35,97,99,105,104,1,10,10,10,10,35,107,106,113,112,1,10,10,10,10,35,106,108,114,113,1,10,10,10,10,35,110,109,116,115,1,10,10,10,10,35,109,111,117,116,1,10,10,10,10,35,112,113,119,118,1,9,9,9,9,35,113,114,120,119,1,9,9,9,9,35,115,116,122,121,1,9,9,9,9,35,116,117,123,122,1,9,9,9,9,35,79,78,118,119,1,7,7,7,7,35,86,85,121,122,1,7,7,7,7,35,19,18,100,101,1,7,7,7,7,35,71,80,120,114,1,4,4,4,4,35,77,87,123,117,1,4,4,4,4,35,26,25,103,104,1,7,7,7,7,35,1,2,92,90,1,1,1,1,1,35,80,79,119,120,1,7,7,7,7,35,11,20,102,93,1,4,4,4,4,35,60,61,106,107,1,1,1,1,1,35,87,86,122,123,1,7,7,7,7,35,17,27,105,99,1,4,4,4,4,35,67,68,109,110,1,1,1,1,1,35,2,11,93,92,1,4,4,4,4,35,20,19,101,102,1,7,7,7,7,35,27,26,104,105,1,7,7,7,7,35,125,124,131,130,1,11,11,11,11,35,124,126,132,131,1,11,11,11,11,35,128,127,134,133,1,11,11,11,11,35,127,129,135,134,1,11,11,11,11,35,130,131,137,136,1,9,9,9,9,35,131,132,138,137,1,9,9,9,9,35,133,134,140,139,1,9,9,9,9,35,134,135,141,140,1,9,9,9,9,35,136,137,143,142,1,12,12,12,12,35,137,138,144,143,1,12,12,12,12,35,139,140,146,145,1,12,12,12,12,35,140,141,147,146,1,12,12,12,12,35,142,143,149,148,1,9,9,9,9,35,143,144,150,149,1,9,9,9,9,35,145,146,152,151,1,9,9,9,9,35,146,147,153,152,1,9,9,9,9,35,148,149,155,154,1,9,9,9,9,35,149,150,156,155,1,9,9,9,9,35,151,152,158,157,1,9,9,9,9,35,152,153,159,158,1,9,9,9,9,35,36,28,130,136,1,0,0,0,0,35,45,53,150,144,1,4,4,4,4,35,51,59,153,147,1,4,4,4,4,35,67,58,151,157,1,0,0,0,0,35,29,37,138,132,1,4,4,4,4,35,60,52,148,154,1,0,0,0,0,35,35,43,141,135,1,4,4,4,4,35,18,19,124,125,1,1,1,1,1],
    "uvs":[],