{
    "metadata":{
        "type":"Geometry",
        "generator":"io_three",
        "version":3,
        "vertices":132,
        "normals":11,
        "materials":2,
        "uvs":0,
        "faces":113
    },
    "vertices":[-1,4.37114e-08,1,-0.777778,4.37114e-08,1,-0.555556,4.37114e-08,1,-0.333333,4.37114e-08,1,-0.111111,4.37114e-08,1,0.111111,4.37114e-08,1,0.333333,4.37114e-08,1,0.555556,4.37114e-08,1,0.777778,4.37114e-08,1,1,4.37114e-08,1,-1,3.39977e-08,0.777778,-0.555556,3.39977e-08,0.777778,-0.333333,3.39977e-08,0.777778,-0.111111,3.39977e-08,0.777778,0.111111,3.39977e-08,0.777778,0.333333,3.39977e-08,0.777778,0.555556,3.39977e-08,0.777778,1,3.39977e-08,0.777778,-1,2.42841e-08,0.555556,-0.777778,2.42841e-08,0.555556,-0.555556,2.42841e-08,0.555556,-0.333333,2.42841e-08,0.555556,-0.111111,2.42841e-08,0.555556,0.111111,2.42841e-08,0.555556,0.333333,2.42841e-08,0.555556,0.555556,2.42841e-08,0.555556,0.777778,2.42841e-08,0.555556,1,2.42841e-08,0.555556,-1,1.45705e-08,0.333333,-0.777778,1.45705e-08,0.333333,-0.555556,1.45705e-08,0.333333,-0.333333,1.45705e-08,0.333333,-0.111111,1.45705e-08,0.333333,0.111111,1.45705e-08,0.333333,0.333333,1.45705e-08,0.333333,0.555556,1.45705e-08,0.333333,0.777778,1.45705e-08,0.333333,1,1.45705e-08,0.333333,-1,4.85682e-09,0.111111,-0.777778,4.85682e-09,0.111111,-0.555556,4.85682e-09,0.111111,-0.333333,4.85682e-09,0.111111,-0.111111,4.85682e-09,0.111111,0.111111,4.85682e-09,0.111111,0.333333,4.85682e-09,0.111111,0.555556,4.85682e-09,0.111111,0.777778,4.85682e-09,0.111111,1,4.85682e-09,0.111111,-1,-4.85682e-09,-0.111111,-0.777778,-4.85682e-09,-0.111111,-0.555556,-4.85682e-09,-0.111111,-0.333333,-4.85682e-09,-0.111111,-0.111111,-4.85682e-09,-0.111111,0.111111,-4.85682e-09,-0.111111,0.333333,-4.85682e-09,-0.111111,0.555556,-4.85682e-09,-0.111111,0.777778,-4.85682e-09,-0.111111,1,-4.85682e-09,-0.111111,-1,-1.45705e-08,-0.333333,-0.777778,-1.45705e-08,-0.333333,-0.555556,-1.45705e-08,-0.333333,-0.333333,-1.45705e-08,-0.333333,-0.111111,-1.45705e-08,-0.333333,0.111111,-1.45705e-08,-0.333333,0.333333,-1.45705e-08,-0.333333,0.555556,-1.45705e-08,-0.333333,0.777778,-1.45705e-08,-0.333333,1,-1.45705e-08,-0.333333,-1,-2.42841e-08,-0.555556,-0.777778,-2.42841e-08,-0.555556,-0.555556,-2.42841e-08,-0.555556,-0.333333,-2.42841e-08,-0.555556,-0.111111,-2.42841e-08,-0.555556,0.111111,-2.42841e-08,-0.555556,0.333333,-2.42841e-08,-0.555556,0.555556,-2.42841e-08,-0.555556,0.777778,-2.42841e-08,-0.555556,1,-2.42841e-08,-0.555556,-1,-3.39977e-08,-0.777778,-0.555556,-3.39977e-08,-0.777778,-0.333333,-3.39977e-08,-0.777778,-0.111111,-3.39977e-08,-0.777778,0.111111,-3.39977e-08,-0.777778,0.333333,-3.39977e-08,-0.777778,0.555556,-3.39977e-08,-0.777778,1,-3.39977e-08,-0.777778,-1,-4.37114e-08,-1,-0.777778,-4.37114e-08,-1,-0.555556,-4.37114e-08,-1,-0.333333,-4.37114e-08,-1,-0.111111,-4.37114e-08,-1,0.111111,-4.37114e-08,-1,0.333333,-4.37114e-08,-1,0.555556,-4.37114e-08,-1,0.777778,-4.37114e-08,-1,1,-4.37114e-08,-1,-1,0.2,0.777778,-1,0.2,1,-0.777778,0.2,1,-0.777778,0.2,0.777778,-0.555556,0.2,1,-0.555556,0.2,0.777778,0.555556,0.2,1,0.555556,0.2,0.777778,0.777778,0.2,1,0.777778,0.2,0.777778,1,0.2,1,1,0.2,0.777778,-1,0.2,0.555556,-0.777778,0.2,0.555556,-0.555556,0.2,0.555556,0.555556,0.2,0.555556,0.777778,0.2,0.555556,1,0.2,0.555556,-0.777778,0.2,-0.555556,-1,0.2,-0.555556,-0.555556,0.2,-0.555556,0.777778,0.2,-0.555556,0.555556,0.2,-0.555556,1,0.2,-0.555556,-1,0.2,-0.777778,-0.777778,0.2,-0.777778,-0.555556,0.2,-0.777778,0.555556,0.2,-0.777778,0.777778,0.2,-0.777778,1,0.2,-0.777778,-1,0.2,-1,-0.777778,0.2,-1,-0.555556,0.2,-1,0.555556,0.2,-1,0.777778,0.2,-1,1,0.2,-1],
    "faces":[35,18,10,96,108,1,0,0,0,0,35,0,1,98,97,1,1,1,1,1,35,2,3,12,11,0,2,2,2,2,35,3,4,13,12,0,3,3,3,3,35,4,5,14,13,0,2,2,2,2,35,5,6,15,14,0,3,3,3,3,35,6,7,16,15,0,3,3,3,3,35,25,16,103,111,1,0,0,0,0,35,86,78,120,126,1,0,0,0,0,35,10,0,97,96,1,0,0,0,0,35,93,84,123,129,1,0,0,0,0,35,11,12,21,20,0,2,2,2,2,35,12,13,22,21,0,3,3,3,3,35,13,14,23,22,0,2,2,2,2,35,14,15,24,23,0,3,3,3,3,35,15,16,25,24,0,3,3,3,3,35,9,17,107,106,1,4,4,4,4,35,8,9,106,104,1,1,1,1,1,35,18,19,29,28,0,5,5,5,5,35,19,20,30,29,0,5,5,5,5,35,20,21,31,30,0,6,6,6,6,35,21,22,32,31,0,5,5,5,5,35,22,23,33,32,0,6,6,6,6,35,23,24,34,33,0,5,5,5,5,35,24,25,35,34,0,5,5,5,5,35,25,26,36,35,0,5,5,5,5,35,26,27,37,36,0,5,5,5,5,35,28,29,39,38,0,3,3,3,3,35,29,30,40,39,0,3,3,3,3,35,30,31,41,40,0,2,2,2,2,35,31,32,42,41,0,3,3,3,3,35,32,33,43,42,0,2,2,2,2,35,33,34,44,43,0,3,3,3,3,35,34,35,45,44,0,3,3,3,3,35,35,36,46,45,0,3,3,3,3,35,36,37,47,46,0,3,3,3,3,35,38,39,49,48,0,2,2,2,2,35,39,40,50,49,0,2,2,2,2,35,40,41,51,50,0,7,7,7,7,35,41,42,52,51,0,2,2,2,2,35,42,43,53,52,0,7,7,7,7,35,43,44,54,53,0,2,2,2,2,35,44,45,55,54,0,2,2,2,2,35,45,46,56,55,0,2,2,2,2,35,46,47,57,56,0,2,2,2,2,35,48,49,59,58,0,3,3,3,3,35,49,50,60,59,0,3,3,3,3,35,50,51,61,60,0,2,2,2,2,35,51,52,62,61,0,3,3,3,3,35,52,53,63,62,0,2,2,2,2,35,53,54,64,63,0,3,3,3,3,35,54,55,65,64,0,3,3,3,3,35,55,56,66,65,0,3,3,3,3,35,56,57,67,66,0,3,3,3,3,35,58,59,69,68,0,7,7,7,7,35,59,60,70,69,0,7,7,7,7,35,60,61,71,70,0,5,5,5,5,35,61,62,72,71,0,7,7,7,7,35,62,63,73,72,0,5,5,5,5,35,63,64,74,73,0,7,7,7,7,35,64,65,75,74,0,7,7,7,7,35,65,66,76,75,0,7,7,7,7,35,66,67,77,76,0,7,7,7,7,35,77,85,125,119,1,4,4,4,4,35,70,79,122,116,1,4,4,4,4,35,70,71,80,79,0,2,2,2,2,35,71,72,81,80,0,3,3,3,3,35,72,73,82,81,0,2,2,2,2,35,73,74,83,82,0,3,3,3,3,35,74,75,84,83,0,3,3,3,3,35,7,8,104,102,1,1,1,1,1,35,78,68,115,120,1,0,0,0,0,35,84,75,118,123,1,0,0,0,0,35,76,77,119,117,1,1,1,1,1,35,79,80,89,88,0,2,2,2,2,35,80,81,90,89,0,3,3,3,3,35,81,82,91,90,0,2,2,2,2,35,82,83,92,91,0,3,3,3,3,35,83,84,93,92,0,3,3,3,3,35,16,7,102,103,1,0,0,0,0,35,69,70,116,114,1,1,1,1,1,35,97,98,99,96,1,8,8,8,8,35,98,100,101,99,1,8,8,8,8,35,102,104,105,103,1,8,8,8,8,35,104,106,107,105,1,8,8,8,8,35,96,99,109,108,1,9,9,9,9,35,99,101,110,109,1,9,9,9,9,35,103,105,112,111,1,9,9,9,9,35,105,107,113,112,1,9,9,9,9,35,115,114,121,120,1,9,9,9,9,35,114,116,122,121,1,9,9,9,9,35,118,117,124,123,1,9,9,9,9,35,117,119,125,124,1,9,9,9,9,35,120,121,127,126,1,8,8,8,8,35,121,122,128,127,1,8,8,8,8,35,123,124,130,129,1,8,8,8,8,35,124,125,131,130,1,8,8,8,8,35,87,86,126,127,1,10,10,10,10,35,94,93,129,130,1,10,10,10,10,35,19,18,108,109,1,10,10,10,10,35,79,88,128,122,1,4,4,4,4,35,85,95,131,125,1,4,4,4,4,35,26,25,111,112,1,10,10,10,10,35,1,2,100,98,1,1,1,1,1,35,88,87,127,128,1,10,10,10,10,35,11,20,110,101,1,4,4,4,4,35,68,69,114,115,1,1,1,1,1,35,95,94,130,131,1,10,10,10,10,35,17,27,113,107,1,4,4,4,4,35,75,76,117,118,1,1,1,1,1,35,2,11,101,100,1,4,4,4,4,35,20,19,109,110,1,10,10,10,10,35,27,26,112,113,1,10,10,10,10],
    "uvs":[],
    "normals":[-1,-0,0,0,0,1,0,1,-4.37114e-08,0,1,-4.37114e-08,1,0,0,0,1,-4.37114e-08,0,1,-4.37114e-08,0,1,-4.37114e-08,0,1,-6.70552e-08,0,1,-0,0,-0,-1],
    "materials":[{
        "colorEmissive":[0,0,0],
        "shading":"phong",
        "opacity":1,
        "transparent":false,
        "visible":true,
        "wireframe":false,
        "blending":1,
        "depthTest":true,
        "depthWrite":true,
        "doubleSided":false,
        "DbgName":"Material.001",
        "DbgColor":15658734,
        "DbgIndex":0,
        "colorDiffuse":[0.0640092,0.0640092,0.0640092],
        "specularCoef":50,
        "colorSpecular":[0.5,0.5,0.5]
    },{
        "colorEmissive":[0,0,0],
        "shading":"phong",
        "opacity":1,
        "transparent":false,
        "visible":true,
        "wireframe":false,
        "blending":1,
        "depthTest":true,
        "depthWrite":true,
        "doubleSided":false,
        "DbgName":"Material.002",
        "DbgColor":15597568,
        "DbgIndex":1,
        "colorDiffuse":[0.568443,0.568443,0.568443],
        "specularCoef":50,
        "colorSpecular":[0.5,0.5,0.5]
    }]
}